feedback,seller_id,order_id,store_id
"La encargada del local me quiso robar 300 pesos, aun nadie se hizo cargo del reclamo. Ademas las ojotas vinieron manchadas y en una caja toda rota. Todo mal.",156472100,1845447965,10
No recomiendo la atención. en la sucursal no es nada servicial  ni amable. pedí que me cambien en talle..me.dijeron que no tenían.y cambiar.por.otro modelo.  No,156472100,1797249177,10
"Mala atención en el local, no voy más.",174430939,1809684658,16
"USUARIO PEDORRO, LO PAGÁS Y HASTA NO TE LLEGUE LA FACTURA NO LO PODÉS RETIRAR. SI YO LO PAGUÉ Y SE ME DEBITÓ, POR QUE NO PUEDO RETIRAR!!!??? EMPRESA PEDORRA!!!!",174430939,1846684901,16
Todo bien,174430939,1848412071,16
Espero que mejoren la atención al cliente.,174430939,1845606574,16
"muy mala atencion, no los recomiendo",174430939,1787203759,16
Todo bien,174430939,1848387506,16
"Muy mala predisposición de los empleados, tuve que ir 3 veces después de que me notificaron que ya había llegado el producto. Mala atención.",174430939,1850119942,17
Fuimos dentro del horario que nos indicaron y no nos querían entregar la compra. Al final un gerente nos dejó pasar.,174430939,1849824578,17
primero la tardanza y segundo uno de los canastos estaba todo doblado.,174430939,1812779533,17
Me entregaron un producto usado. Mala la actitud. Cuando reclamé sólo tuve como opción la tablet exhibida. No recomiendo a Ribeiro.,174430939,1848792944,17
No recomiendo a ribeiro,174430939,1850906298,17
"Mi queja es con la atención de los empleados, por inoperancia de ellos tuve que pagar dos fletes xq no tenían mis productos en tpo y forma. No los recomiendo !!",174430939,1846503936,18
"Mi queja es con la atención de los empleados, por inoperancia de ellos tuve que pagar dos fletes xq no tenían mis productos en tpo y forma. No los recomiendo !!",174430939,1846541221,18
"Mi queja es con la atención de los empleados, por inoperancia de ellos tuve que pagar dos fletes xq no tenían mis productos en tpo y forma. No los recomiendo !!",174430939,1846541434,18
"Mi queja es con la atención de los empleados, por inoperancia de ellos tuve que pagar dos fletes xq no tenían mis productos en tpo y forma. No los recomiendo !!",174430939,1847479765,18
"Mi queja es con la atención de los empleados, por inoperancia de ellos tuve que pagar dos fletes xq no tenían mis productos en tpo y forma. No los recomiendo !!",174430939,1847506167,18
"Mi queja es con la atención de los empleados, por inoperancia de ellos tuve que pagar dos fletes xq no tenían mis productos en tpo y forma. No los recomiendo !!",174430939,1847501007,18
"Mala atención Tuvimos q llamar muchas veces a la sucursal. Lo retiramos, no lo prueban y te da solo 4 días para devolver si falla. Largo olor feo los 4 días",174430939,1810829803,20
"No respondio mis preguntas, desconoce el producto que vende y solo se limito a copiar y pegar lo descripto en la publicacion, lo cual carecia de coherencia.",174430939,1851147850,20
Daba vueltas en entregar el producto.,174430939,1847058799,21
"El producto es bueno. Comprar y pedir retiro en sucursal es realmente malo. Me dijeron una fecha, gaste en encomiendas para mandar a retirar 2 veces y no estaba",174430939,1845872188,23
Muy prepotentes y con mala atencion del personal en la sucursal de la Calle Uruguay 552. No recomiendo el lugar.,221591137,1848278398,29
No cumplieron con lo pactado,,1833575989,31
"Un *. En la compra aclaras quien retira, cuando se acerca a retirar, solicitan que vaya el titular de la cuenta. Servicio -10 NUNCA MAS!",221591137,1844405273,31
"No hacen factura tipo A, aunque antes de comprar te dicen que si, tengan mucho cuidado.",221591137,1844778982,33
Pésima atención. Me deben factura A q solicité y consulté antes de realizar la compra. Me dan excusas de porq aún no me la han remitido. N,221591137,1831002778,34
"No lo recomiendo, mal vendedor",221591137,1826747129,34
"Hice la compra el 12 de Octubre y cuando me indicaron que lo retire, no estaba mi producto. Lo soluciono el gerente del local de Garbarino. 2 horas en el local.",221591137,1831708591,39
"Pasaron dos meses que la compre, no me dejaron retirarla por que tenía mi tarjeta de credito nueva por que la anterior me la robaron, todavía no me el dinero",,1819861605,40
"No era el producto ofrecido, después de mucho reclamar fue solucionado a traves de mercadolibre",221591137,1844813865,40
"Deben mejorar la atención post venta y asegurarse que cuando uno vaya a la sucursal a retirar no tenga problema, fuimos 2 veces y todo un lío para la entrega.",221591137,1828265160,40
"Me hicieron dar mil vueltas para retirarlo, pague 3 veces flete, siempre una excusa nueva y así! NO LOS RECOMIENDO",221591137,1844792505,46
No es el producto me * o engañaron .me siento muy desilusionado .más una empresa de prestigio .reclame a la empresa mande foto de captura de lo que yo,221591137,1846135802,50
Deplorable la atención. Nos estaban vendiendo un producto que era única unidad y en exhibición que nunca llegó a la sucursal de destino.,221591137,1861225652,56
Todo un desa,221591137,1848735932,61
"Puse para que retire otra persona xq yo no podía y al final no se lo dieron xq tenia que ser el titular, ósea al pedo ponen la opcion",221591137,1845216642,66
No respetaron la fecha de entrega,221591137,1848435541,83
Tuve que ir 2 veces a retirar. Pésimo trato la primera vez,221591137,1849145146,84
"El Articulo era un regalo para mi hno. No lo pudo retirar. Tuve que viajar para poder retirarlo yo. El retiro estaba a nombre de el. Garbarino, un *!!!!",221591137,1849572849,97
"El producto entregado no es igual al ofertado, a pesar de la pregunta realizada y la respuesta fue  se entrega el producto como figura en la ilustración",221591137,1844914855,102
El producto que era nuevo es de SEGUNDA. Tenia algunos plasticos rotos y el enlosado del techo estaba picado en algunas partes. Si lo ves no lo compras.,221591137,1845244982,107
No tenian sistema y me hicieron ir 3 veces en vano,221591137,1845029153,109
"El vendedor no solo no quiso probarme el televisor como esta estipulado, sino que se justifico diciendo que la próxima le compre a él en persona.",221591137,1844684922,117
el vendedor no realizo mi factura tipo A que fue solicitada,221591137,1844831106,120
"Pésimo trato, como siempre, en el local de Villa Cabrera. Nunca más les compro ni un chicle.",221591137,1844420328,122
"Dieron muchas vueltas en Catamarca, implico ir 3 veces, no lo recomiendo para compras que retira otra persona.",221591137,1817476072,141
Un *. Habia autorizado a mi mujer a retirar y no le querían dar la pava. Tuve que llamar por teléfono una pérdida de tiempo. No vuelvo a comoraHabía,221591137,1845053327,148
No me entregaron el producto en el lugar que yo solicité. Me hicieron ir a otra sucursal porque se confundieron y le dieron mi televisor a otro,,1847228400,157
"el vendedor muy mal predispuesto y hasta me insulto al retirarme, una lastima, de todas maneras muy buen producto",221591137,1845256522,162
Pésima atención del encargado del local.Deje constancia en el libro de quejas.,,1816290634,171
Me negaron la factura A,221591137,1844890719,172
no cumplieron con la fecha de entrega,109569068,1846139063,188
"No lo recomiendo , me dieron mil vueltas por las sucursales hasta que di con mi producto, y ahora estoy esperando el reclamos por que le faltan cosas",109569068,1844802566,193
Tuve que encargarme personalmente de llamar a la casa del audio porque nunca me escribieron para avisar de la confirmación de la compra y menos para retirarlo.,,1845017188,12766011
"UN DESASTRE, DESDE Q COMPRE ME DIJERON EN 3 DIAS HABILES PASARON 10 DIAS HAB Y AHORA ME CANCELAN LA COMPRA, DEVOLVIENDOME EL DINERO RECIEN A LOS 20 DIAS SE VERA",174430939,1797313318,12782005
"NO LO RECOMIENDO, REALIZA LAS VENTAS Y NO LAS MANDA",,1793113789,12782005
casi un mes para retirar el producto una *,174430939,1847403209,12782005
SUPER VUELTEROS PARA DAR  MARCHA ATRAS CON UNA VENTA QUE ELLOS NO TENIAN EN ESTOCK .,174430939,1846760456,12782005
Sinceramente el producto lo tengo pero prometen tenerlo en 3 dias y fueron casi 2 semanas. Encima le envie mensajes via ML y nunca respondieron. Un *,174430939,1815621212,12782009
"No se recomienda tratar con esta gente, muy poco serio, pesimo servicio. Mejor comprar en una tienda de barrio, con gente que tenga ganas de trabajar y vender.",174430939,1796677437,12782009
mala,174430939,1845751573,12782011
tardo mucho tiempo en llegar el producto,174430939,1810815364,12782014
mala atencion de la persona que efectua las entregas en ribeiro aparte que no entrega los productos a tiempo,174430939,1809035640,12782014
No entregan a ti,174430939,1850639080,12782015
"Desastrosa la atención. Tanto por teléfono, como por ML. No recomiendo para nada al vendedor. Muy burocráticos y no te responden. No volvería a comprarles.",174430939,1849440982,12782015
Llamé por un problema que presenta el smart TV y del servicio técnico no me brindaron ayuda. Me piden a mi que averigüe cual puede ser el problema.,174430939,1844865871,12782015
"Ribeiro mucha vuelta para entregar, mandaban email q ya estaba el producto y no estaba. 5 veces tuve que ir.Lamentable!!!",174430939,1815259545,12782015
Nonos quisieron dar una bolsa para llevar el producto. Tuve que irme con la caja en la mano. Vergonzoso,174430939,1796839448,12782015
mala atencion en el locaal donde lo retire,174430939,1829662808,12782017
la atención en el salón espantosa el producto es bueno,174430939,1826654954,12782017
Malísima.no era el.producto acordado.tardo en la devolución del dinero.,174430939,1846707561,12782019
"La atencion fue buena pero el celu era usado o reparado, habia fotos de un taller en la memoria y estaba rayado el display",174430939,1849932283,12782020
Nunca pudo cambiarme el número del pedido. Ahora tengo que cambiarlo por otra cosa en alguna sucursal.Pésimo todo.,156472100,1832017906,12783004
"A mi nena le quedaron chicas y me están dando muchas vueltas en responder y en hacerse responsables del reembolso, porque para cambiarlas no tienen.",156472100,1816752182,12783005
No tienen el producto y hacen esperar a q llegue un mensaje de texto con la confirmacion. Cuando en ña app de mercado dice q ya esta disponible,156472100,1862499475,12783006
No. Omiten en sportline. Muy mala atención. Juegan con la gente,,1829989417,12783006
Atienden de mala gana. No es la primera vez q retiro productos en el local.  Compro xq es buena calidad pero con la atencion no dan ganas de ir mas.,156472100,1842437096,12783011
"Producto supuestamente nuevo- al retirar está usado , sucio y en malas condiciones.Totalmente disconforme",156472100,1816325049,12783015
Sinceramente un *.  No me lo querían entregar porque aumentó el precio. Sin palabras. Un mes para retirarlo,,1797269992,12792001
"No lo recomiendo, compré un celular y nunca me lo entregó, inicié reclamo y mediación con ML y ni siquiera respondió a la mediación.  Unos truchos.",,1796662453,12792002
"No emite factura A cuando se compra por Mercado Libre, con lo que no puedo registrar la compra en mi empresa.-",,1819961602,12792002
porque me cierran un reclamo que porque es fravega???? claro me devuelven $1599 pero pago 200$ de interes eso quien me los devuelven ???? la * madre que lo r,,1797172328,12792003
Muy mala atencion y pesimo servicio post venta. Vendedor  no recomendable. Nunca mas hago una operacion con esta gente.,,1797126205,12793001
Buena atención y producto,,1847043444,12794004
Venden sin tener el producto,,1845214895,12794006
"Una vergüenza, la persona que me debía entregar los productos amenazó con agarrarme a &%&*#%*#% porque lo pagamos con la tarjeta de mi mujer.",,1848108250,12794008
No habia gente que me entregara el producto en la sucursal de zona norte y tuve que esperar media hora que me atiendan,,1848011363,12794008
El producto tablet falló desde el primer día de uso,,1845863812,12794014
No envio la factura desp de la compra y me cobraron un precio mas caro q estab publica. No hubo resp positiva,,1842906164,12794016
no entrego en fecha pactada.,143125485,1794780286,12794018
No tenían los datos de la persona autorizada a retirar,,1833373390,12794018
Me cobraron la financiación cuando decís que era sin interés,,1825190234,12794021
Muy buena atención  del vendedor .. muy buen producto anda perfecta .. la recomiendo.,,1813392753,12795001
ESTAFA. Un mes después canceló la compra cuando TIENEN en stock xq siguen ofreciendolo. Me devolvieron el dinero y ahora aumentó en todas las plataformas.,,1803319726,12795001
"Puse a un titular para que retire el producto y no se lo dieron, tuve que buscarlo personalmente",,1828299712,12795001
MUY MALA LA COORDINACION PARA LA ENTREGA DL PRODUCTO EN LA SUCURSAL DE MORON,,1796638695,12795002
Me atendieron mal e hicieron perder tiempo al retirarla,,1803335119,12795003
"Hice la compra y como aumento de precio , no me la entregaron , me anularon la venta e hicieron la devolución , q tuvo problemas también .... y",,1838834197,12795004
La publicacion esta mal. La medida VESA no es la correcta.,,1801962693,12795004
Compre la heladera y no andaba. Contando del primer dia hasta 2 semanas que me realizaron el cambio. Dicen tener 72 hs de prueba y no es asi. No compro mas nada,,1787538525,12795004
Lamentablemente el sistema de graves al enviar a una persona que ingrese y todo x mercado libra como responsable del retiro no pudo retirar Tube q ir personalme,,1798390846,12795010
No entregaron factura de compra,,1837446011,12795014
Dos semanas después de pagar me devolvieron el dinero,,1786016832,12795014
"No duro ni 3 usos,ni Fravega ni wahl se hicieron cargo.El 0800 unos maleducados y además se excusan con que no lo pueden cambiar por la suba del dolar. Malisimo",,1755611179,12795018
"Me atendieron de muy mala manera, los dos productos que compre estaban fallados, no lo recomiendo y no volvería a comprar",,1806271092,12804004
"Muy insatisfecho, me vendieron un artículo usado y el sistema con mal funcionamiento, FRAVEGA bajo mucho su calidad, NO LO RECOMIENDO.",,1833881804,12805002
Antes de comprar me dijeron una cosa y luego de la compra no respondieron nunca los mensajes. Pesima atencion. Nunca mas compro en HENDEL.,,1847173316,12807003
No me gusto la atencion,185359901,1813044759,12808003
"me entregaron un producto que nada que ver con lo publicado, era otra foto y otro modelo de silla ....me sentí estafado....",,1846903070,12808006
Ponene muchas trabas y requisitos para retirar... por supuesta seguridad pero  siendo muy vulnerables por otros lados... y deribaban a otros dptos de la empresa,174430939,1847438277,12809004
"Fila interminable para retirar, atención malísima, estuve una hora y media para retirar el producto.",174430939,1844597959,12813001
Mala predisposición de los vendedores a la hr de la entrega.,174430939,1801358949,12813001
Mienten en la publicación no es lo que compre,174430939,1845139440,12813001
"Juguete entregado en pésimas condiciones vendido como nuevo y estuvo en exhibición, entregado todo sucio y lleno de tierra. Restaban los plásticos",174430939,1816877102,12813001
SIN COMENTARIOS......,174430939,1844653370,12813001
No lo recomiendo tuve que ir 3 veces xq el producto no había llegado. No respetaron los tiempos estipulados.,174430939,1831960627,12813001
"NO COMPREN, TE VENDEN ARTICULOS USADOS, TE DILATAN LAS ENTREGAS, PESIMO SERVICIO.",174430939,1813158363,12813001
Dijeron haber entregado y no fue asi,,1842361067,12813001
Hubo cierta demora para retirarlo porque no habían en Cusco,,1817846923,12821114
El encargado de la sucursal de martinez en av fleming muy mal trato tuve q retirar en suc boulogne ahi de diez,,1834209843,12822114
Son muy demorados para atender en el sitio de entrega,,1790339419,12825039
Comentario moderado por MercadoLibre,,1816283653,12835013
"ES UN MENTIROSO ,  NO ATIENDE LOS TELEFONOS ,  OBLIGA A HACER UN RECLAMO MOLESTANDO A ML , SIN SENTIDO ALGUNO ,  PIDE LA INTERVENCION DE ML , QUIEN SE OCUPA OK",,1795881159,12835020
"No quieren hacer factura, Dan mil vueltas para entregar. Son muy malos y el perfume no tiene vencimiento. No perdura. No recomiendo",,1803719632,12836032
No lo recomiendo. Tienen 6 sucursales. Te atienden mal. Compré con mucha anticipación y tuve que rogar me entreguen. Mala experiencia,,1828163794,12841021
no atiende ante los reclamos como corresponde el producto no tiene talles standar. saludos,,1848087913,12841037
No sé de quién es la responsabilidad....pero llegó 14 días después de lo pactado.,,1846011172,12841043
Tardaba en responder y no había predisposición para solución el problema,,1847836058,12842014
"Primero me dieron una fecha de entrega, después me la cambiaron, luego cuando voy a la tienda la atencion muy mala, y el empaque todo cuarteado, todo mal",20451333,1831765886,12842033
Hice toda la autorizacion para que lo retire un amigo y al fin y al cabo tuve que ir yo personalmente.,,1807003363,12845001
Todo ok,,1845848915,12845001
No entregaron factura de compra,,1837439475,12845001
El producto se entrega dañando.No me lo reconocen,,1796615775,12845004
"No pueden hacer factura A, pero si B. No es lógico esto",,1847221367,12845005
No entiendo que no entreguen factura A. La ubicación para retirarse horrible.,,1830477681,12845006
Un *,,1759195472,12845009
"La atención del vendedor por Ml fue mala, lente a ineficaz. Además sólo responden de lunes a viernes, no hay forma de que te atiendan si compras por Ml.",,1847098363,12845010
Compre el aire a un precio y al da siguiente lo subieron de precio y me cancelaron la compra sin dar explicaciones de la razon. Exijo me entreguen el producto,,1796649426,12845012
No me entregaron la factura que solicite después de casi 10 dias,,1827905970,12845013
"Pedí para que retirara un designado y me hicieron ir tres veces al local, una vergüenza. Nunca más",,1847199631,12845015
No lo recomiendo,,1847314710,12845016
"Un *, cargue un autorizado y no se lo entregaron.... MERCADO LIBRE CÓMPLICE LADRONES !!",,1809417718,12845016
"Muy mala atención de los vendedores, tuve que ir dos veces y no me quisieron hacer Fact A",,1827439614,12845019
Pésima atención de los vendedores.,,1827441143,12845019
"No lo recomiendo, la sucursal no recibe los productos en el plazo estipulado en la web. Fui 3 veces...",,1803191965,12845021
No pudo retirar el producto la persona que yo autorice. Tuve que hacerlo yo mismo,,1795102150,12846001
No me entregaron el producto y me robaron el dinero,,1840795741,12846003
"Nunca más le compro a Fravega. Una vergüenza, no te hacen factura A y ML lo permite. Me tuve que ir hasta la sucursal y tampoco quisieron hacerme la factura.",,1841306757,12846004
Me decian una cosa por mensaje y al momento de retirar el producto nadie lo queria entregar .. juegan con la gente,,1777477152,12846005
PSIMO SISTEMA PARA  AUTORIZAR LA ENTREGA EN SUCURSALRECIBI EL LAVARROPAS LUEGO DE UN RECLAMO EN MERCADO LIBREAL LAVARROPAS LE FALTA UN DISPENSER,143125485,1820182318,12846006
"La atencion en la expedicion de la sucursal Moron,de Fravega es muy desagradable.",,1845695222,12846006
Una vergüenza fravega la entrega fue cuando se les antijo,,1819818353,12846009
"La parte online y telefónica excelente, el retiro en sucursal un *, mal hablados y soberbios",143125485,1831721336,12846012
MAlisimo. Sin explicacion y sin aviso me devolvieron el dinero de la compra y nunca recibi el producto. Totalmente malisimo lo que hicieron,,1795913681,12846013
Enttego un ptofucto vencido,,1807407537,12846013
"La peor experiencia en Mercado libre, por lejos, y eso que supuestamente Frávega es una empresaria, jamás pensé que vendieran equipos ROTOS. Plata tirada.",,1793471363,12846017
Me pidieron todos los datos de la empresa y lo facturaron como consumidor final. Y me exigen que envie todos los papeles por correo para facturarme A.,,1815992890,12846017
El producto estaba publicado a un precio y subrepticiamente me cancelaron la compra. Como única explicación fue la pretendida falta de disponibilidad.,,1803787151,12846018
"No entregaron el producto en los plazos planteados por MercadoLibre, no dieron una fecha concreta para el retiro, solo tuve que esperar que me notifiquen el día",,1784941418,12846018
"Malísima la atención, hice la compra dos veces y me devolvieron el dinero en ambas, nunca me dieron una explicación. Tuve que comprarlo en otro lado",,1806311438,12846018
Muy mala atencion de FRAVEGA,,1797842007,12846018
No lo recomiendo. No me entregaron la compra. Tuve que salir a resolver por otro lado. Muy desorganizados.,,1828939508,12846019
Me tuvieron a las vueltas,,1787887254,12846020
Pedí factura A y me dieron 10000 vueltas para no hacerla y no la hicieron,,1847329349,12846027
"Compre antes que suba el dolar y el vendedor para no perder me envio otro modelo de menor calidad, luego dijo no tener stock ofrecio por el mismo precio la peor",,1797297723,12848001
SON MALA GENTE,,1822141673,12849065
No cubre mala pintura no la recomiendo,,1829135785,12850073
Mienten cuando dicen que es compra protegida,,1776746862,12850076
"MALA ATENCION , MAL PREDISPUESTO ,, UNA LASTIMA",,1836901753,12850080
"La pintura es marca embellecer NO ES VENIER, le ponen un stiker que dice Venier. Engañan al cliente?",,1823498670,12851008
"La publicación decía que incluía los filtros de carbón pero no los traía, quedaron en contactarme y darme una respuesta y nunca lo hicieron",,1785286512,12852001
Tuvieron al chofer demorado 1hs y 15 min para darles las ruedas y encima la factura tardo 10 dias previamente con reclamos.,44646787,1852362846,12857019
Considero que no pongan e a la venta libros q no tienen en stock,,1795029166,12859014
"El producto está bien, pero nunca dijo que el jueves no abría la librería a pesar de decir que se podía retirar en la semana una vez disponible.",225707140,1832996679,12859014
"no me solucionan nada el casco es una medida de seguridad para mi vida, pague por algo defectuoso no tengo ni el dinero ni el casco bien, quiero mi dinero",,1808512377,12864007
La culpa no es de la gente de la sucursal Cabildo. Son muy correctos. Pero tuve que ir 2 veces porque no habían mandado el repuesto desde otra sede,69454611,1846418034,12864008
no twnia stock cuando wn realidad mw habia confirmando que si tenia. mala atención,,1810919270,12865005
Me enviaron un producto que no era el que solicité y no se hacían cargo para devolverme el dinero. Gracias a ML lo recuperé.,,1785501577,12865006
"PUBLICAN EL ARTICULO CONFIRMANDO QUE VA EN BETA BK 150. NO SIRVIO. EL CABLEADO NO COINCIDE. SI NO ESTAN SEGUROS, NO PUBLIQUEN LO QUE NO ES.",69454611,1790110886,12865007
todo bien,69454611,1836354375,12865007
"Me dieron dos espejos derechos. y no sólo eso, la chica me dió un espejo que había devuelto otro cliente ya que le faltaba el plástico que cubre los articulos",69454611,1814434814,12866006
Me hicieron esperar mucho y  me dieron un placard de otro color.,12626860,1849771856,12866281
No me dieron en color blanco q la compre.eecibi verdes q se les acabó el stock,12626860,1846819863,12866283
"No lo recomiendo,, fui a retirar el producto a la sucursal de Gran Bourg y no me quisieron probar la maquina.. llegué  a mi casa y no funcionaba.",12626860,1820835557,12866283
"Llamé 3 veces para acordar el envío y siempre me decían que me la enviaban en la tarde,la última vez que llamé me dijeron que no había stock. No recomiendo",97669372,1801966265,12866307
Al retirar me dieron uno que no era recargable. Al reclamar tuve que ir de vuelta desde Solymar y finalmente me dieron otro abierto que no tenia el cable.,97669372,1801406339,12866307
"Son unos sinvergüenzas, compré una computadora para un regalo y me llamaron a los días para decirme que no tenían stock que sí agregaba 100 y pico de dol me ven",97669372,1859130367,12866307
compre un producto con caracteristicas distintas al producto enviado.,97669372,1857804204,12866308
"No tenían en stock. Espere una semana después de la compra , fui 3 veces. Me dijeron 3 veces distintas que un día estaba . Mala atención. Buen producto .",97669372,1814519487,12866308
Un desastre la atencion estuve 1 hora en el local para que me dijeran que no tenian el producto. Los empleados mal educados.,97669372,1865839441,12866308
No me vendieron el producto acordado y luego pretendian que me hiciera cargo de la compra de la parrilla que faltaba. Me la quedo para no perder mas tiempo.,97669372,1799400832,12866308
Todo muy bien. Gracias,,1836811568,12866330
"no tenia stok en sucursal siendo que confirmo de que si tenia, después de esperar mas de 1 hora me tube que llevar  otro q no era el q yo compre",261507071,1843176042,12866375
No los recomiendo,,1846115044,12866384
El producto lo recibí x que contacté una persona particular para buscar el producto ya que no el vendedor ni de mercado se pusieron en contacto ¿,,1847747759,12866388
malísima la atención aca en viedma un *,,1846279124,12866389
"Dice envio gratis y no tiene envio, tube qe cancelar mi compra. Cuando hice una preg me respondieron al otro dia.. y me dejaban el visto clavado",,1815413312,12866392
"Muy mala atención, muy desorganizado el negocio. Estuve 1 hs para retirar el producto..",12626860,1847363614,12867231
Hace mucho ruido,12626860,1855019814,12867231
Compre heladera pagué y me cancelaron la compra por supuesta falta de stock y la tenian en otra publicación mas cara. Pagué la diferencia... No recomiendo,12626860,1797692325,12867231
Excelente. Cumplieron con todo. Totalmente recomendable,,1827472773,12867231
Me vendieron un termo tanque pinchado y usado como nuevo,12626860,1802212056,12867231
...,12626860,1844425295,12867231
Compre una tablet y resulto ser q estaba usada. Tenia la cuenta de gmail y Facebook cargado de otra persona,,1792515002,12867232
tenfo el producto pero después de un mes todavia no logro tener mi factura A pedida incluso antes de realizar la compra,,1846274330,12867232
"Hicieron mal la factura, dieron mil vueltas para entregar, y para rectificar la factura, tengo que ir a la casa central para que la rectifiquen.-",,1827904919,12867232
Comentario moderado por MercadoLibre,,1808782949,12867257
"INACEPTABLES. Anuncian un producto y entregan otro. No se hacen responsables, faltan a la verdad pésima actitud comercial pese a intervenir MLibre xa solución.",,1823881009,12867267
1 hs y 20 para retirar el producto,261507071,1828598522,12867346
Expelente Atencion,,1830782927,12867347
"Pésimo servicio, te avisan que tu pedido está listo para ser retirado y al momento de ir a buscarlo te dicen que te van a llamar cuando esté listo. Lamentable",,1848440163,12867351
"Pesima, me dijeron que tenian stock y cuando compro y voy a retirar un dia después ya no les quedaba. Elijo comprar otro celular y me vino fallado, no recomiend",,1844176927,12868024
"tuve que cambiar el celular 2 veces porque no funcionaba y  termine comprando otro, no recomentable",97669372,1809802317,12868024
"producto fallado, empleado sin conocimiento del mismo .",97669372,1837192063,12868024
El teléfono se me bloqueo el mismo día que lo compre y dicen que por mi culpa lo deje en el servicio técnico yo tengo que pagar el costo del desbloqueo mallllll,97669372,1794761822,12868024
El aparato estaba bien pero la atención muy mala,97669372,1807023758,12868024
Respondió rápido rápido pero no me dio una solución Me cambió por otro aparato que tenía problemas también tuve que ir 4 veces al local por el cambio vergonzoso,97669372,1825334142,12868024
"Pésima la atención luego de pagarlo lo fui a buscar, caminé muchas cuadras y no tenían en stock al otro día lo fue a buscar mi Sra. y la atendieton  mal",97669372,1827375257,12868024
"Consulté stock, dijeron que había, compré, fui y me dijeron sin buscar que no había desde agosto. Insistí, lo buscaron y quedaban.Mal trato.",97669372,1860254852,12868024
"No lo recomiendo, efectuada la compra nunca más respondió a mis consultas, entrega fuera de tiempo y forma, cargos adicionales a lo que indica el remate.",,1835651560,12869029
"Dijeron que tenían el producto en 24-48, no llego.Dijeron que el lunes llegaba (semana más tarde), no llego. Por lo menos hicieron la devolución rápida",77386555,1804878838,12870039
"Tuve una mala experiencia, me entregaron otro producto y nunca tuvieron la disposicion adecuada para solucionar el inconveniente ocasionado,",77386555,1851691879,12870039
El producto no es el que muestra la foto y eso no lo aclara en la descripción.  Muestran la Starlight IHT  Digital Ion Plus y no enviaron el  modelo Ion Plus.,,1803280989,12870039
"Primero anuncian un producto, lo cobran y después te dicen que no lo tienen. Están de vivos y te hacen perder el tiempo. Una falta de respeto.",77386555,1834342178,12870040
"El vendedor es muy malo. Lamentable, una tomada de pelo.  Te hacen elegir donde retirarlo, y te ponen la fecha de poder retirarlo y no está.  Me lo llevaron dps",,1799793966,12870040
Hice la compra pero no tenían en stock y me tuvieron 1 semana en espera hasta que decidí cancelar y pedir devolución del dinero,77386555,1802644085,12870040
"Un desastre, primero mandaron la pc con el parlante roto, la cambiaron a la semana por una sin grabadora de dvd y no me solucionaron nada. Nunca mas.",77386555,1799841061,12870040
Primero tenían stock y luego no y cancelaron mi compra y luego vi la publicación donde en una conversación quedaba el último producto en stock,,1852196721,12870040
"Un desastre la empresa nnet, publica productos y no tiene stock, además pagué contado efectivo",77386555,1804682989,12870040
"nadie me devolvio el dinero,no hay nada en mi cuenta,,,solo los 2999 q me debitaron por el set de valijas y ni siquiera lo mandaron a mi domicilio",167520920,1849317209,12875073
"ES PRODUCTO ES EL COMPREADO, PERO PARA RETIRARLO ME TUVIERON 50 MINUTOS, LO MISMO LE PASO A TODOS, EL ARGUMENTO ERA QUE A TODOS LOS QUE COMPRABAN POR LA WEB ...",167520920,1844651744,12875073
Venden mintiendo con los puntos de entrega y sin stocks.,167520920,1848093081,12875073
Me tuvieron como 30 min esperando la pileta mientras ellos jugaban con el celular,167520920,1864932593,12875073
"Una verguenza la demora de la devolución de la compra, fue realizar el 29102018 y me informaron que era inmediato. Hasta esa fecha la tarjeta no había cerrado",167520920,1844767831,12875073
"no recomiendo al vendedor, el producto vino incompleto, me mintieron con que recibiria el faltante. y tuve q terminar optando por devolver el producto.",,1831513146,12875073
El producto es más chico de lo que describía la publicación.,167520920,1845465785,12875073
No lo recomiendo la entrega para retirara del local de Walmart Sarandi un * esperas 40 minutos que te traigan el producto y el gerente un prepo,167520920,1845831886,12875073
No lo recomiendo .por falta de atención y mala predisposición para reparar los errores que ocasiona...más de un mes para una devolución. Eviten comprar.. gracia,,1827202822,12875073
"Estafador, entrega mercaderia sin factura",,1844416136,12875073
Esta mal hecho la mesa no coinciden los tornillos tardan mucho la entraga,167520920,1855317563,12875073
Mande una persona a retirarlo y habiendo mandado los datos de la persona  Nombre..C.I. etc..no entegaron la compra,322180310,1831886432,12877011
"Péssimo. Jamais compraria de novo. Loja não cumpre prazos, não alinha processos com a loja e eu fiquei sem o livro. Não recomendo. 1a vez que compro e não receb",,1824475843,12877013
Atendimento horrível...,,1823475812,12877013
não recebi o produto quero cancelar a compra,,1851665318,12877013
Desastre. De lo que ofrecen en el kit tuve que dar mil vueltas para cambiar las partes.,171190356,1870670198,12877023
"Consultè antes de comprar , me dijeron que seguramente tenían , esa fue la respuesta que me dieron ,cuando fui a retirar me dijeron que no tenían .",,1805241759,12878025
Cuando fui a buscar el producto no tenian en stock,,1849270868,12878025
No embalan bien los productos y si estos te llegan rotos no tienen la cortesía mínima de cambiartelo.,171190356,1843787986,12878026
No se hacen cargo si el producto llega roto y tampoco lo embalan bien,171190356,1843788169,12878026
Comentario moderado por MercadoLibre,,1844860606,12879002
"No lo recomiendo ,compre una mampara con ángulo recto y me entregaron una con curva, les escribí y no se tomaron el tiempo ni para contestar",216505392,1847122677,12880010
No lo recomiendo no cumplió con la entrega ni la facturación. Un * el servicio de atención al cliente de Stables Argentina s.a de la marca Brother.,132272814,1795132453,12883011
No lo recomiendo!!! En la publicación decía teléfono inalámbrico dúo! Y cuando hice la compra me dicen que es uno! No supieron contestarme!!! I,132272814,1814389344,12884001
el producto recibido no corresponde al publicado. al hacer el reclamo la empresa no se hizo cargo del cambio.,132272814,1848592883,12884008
"Mala atención, malos modos y pésima predisposición. No compro más.",,1820456807,12889021
No tienen la logística ni las ganas de atender para un producto como el que les compré.,716559,1847275081,12889022
Me atendieron pero de todas las cajas solo una atendia mercado libre y eso mehizo perder mucho tiempo,287528509,1844621852,12890057
"Atendimento horrível , informações desencontradas, fui retirar o produto e minha decepção foi maior ainda, não compro mais por essa loja",,1796766043,12892001
"Lo necesitaba pronto, iba a estar el miercoles fui y no estaba, y de hecho llego el viernes. Todo bien pero prefería que me dijeran bien para no ir al pedo.",,1800469590,12893003
Comentario moderado por MercadoLibre,,1856609317,12893004
Tenía como disponible una sede para retirar que NO me pudo dar el producto. Así que no obtuve mi producto cuando lo necesitaba y tuve que ir otro dia a otra sed,,1792674734,12894008
"La pintura malisima, es pintura de obra que la venden como normal, me lo dijeron en el local cuando tuve que ir por otra pintura porque esta no cubria nada.",,1829731171,12895011
"Respondió todas mis preguntas antes de comprar, una vez efectuada la compra no volvió a responder. No recomiendo este tipo de atención.",,1797031880,12895021
"me lo enviaban a la sucursal de Canelones,a alguien se le olvidó cargarlo en el camión! Mañana 2 semanas y aún no lo recibo no RECOMIENDO!",,1858643359,12897052
No entregaron el producto la fecha que correspondía. No daban solución,193140179,1797368744,12897066
compre algo que nunca me llego... me confirmaron que si tenian el producto en stock antes de que yo realice la compra.Me hicieron ir a buscar y no estaba,193140179,1841039431,12898001
Acordamos enviar 2 productos en un mismo envío. Sólo recibí uno y me dieron por retirado el otro. También tardan mucho en responder por todos los medios,193140179,1791887421,12899002
Pensé que era de mejor califad,139386086,1853819516,12901014
PÉSIMA EXPERIENCIA. LA PRIMERA VEZ QUE ME PASA EN AÑOS QUE COMPRO POR MERCADO LIBRE.,139386086,1850013101,12901014
"Excelente producto.  El servicio de atención al cliente es pésimo, la logística totalmente desorganizada. Tuve q",139386086,1837341003,12901014
"Pésima atención, no cumplieron con la fecha de entrega, no enviaron instructivo para armar.",139386086,1846383311,12901014
Mucha burocracia para la entregar del producto. Las preguntas las responden rápido antes de la compra y luego no responden. Muy mala experiencia.,139386086,1844971321,12901014
Me cambiaron dos veces la fecha de entrega siendo que había coordinado con 15 días de anticipación la misma y encima me avisaron el mismo día de la entrega.,139386086,1847035186,12901015
Me cambiaron la fecha de retiro del producto dos veces. Me avisaron el mismo día y la entrega la había coordinado con 15 días de anticipación.,139386086,1847033990,12901015
Me reprogramaron dos veces la fecha de retiro. Me decían que me llamaban y nunca paso.,139386086,1850164841,12902015
No responden los mensajes. Los leen e ignoran.,139386086,1844716384,12902015
"melamina de 15mm, no de 18mm como me respondieron.",139386086,1835220868,12902015
"No recomiendo al vendedor, si bien la atención no fué mala, el producto fué HORRIBLE. Vino con las patas rotas, y encima eran de PLASTICO. Un *.-",139386086,1831781002,12902015
Son un *,,1850033491,12902015
"es una enpresa donde engañar a las personas es su mejor virtud, me dijeron 96 hs para la entrega y después q compre me querian entregar en 15 dias,",,1859671606,12902015
"Fue la peor experiencia de compra que tuve EVER en Mercado Libre. Se quedaron en el pasado muchachos. Hoy la atención al cliente es vital  .",139386086,1845415056,12902015
Un *. Quisieron sacarme mis datos por otra plataforma. Me dijeron que estaba el producto y no estaba. Mal la entrega... No lo recomiendo .,139386086,1845398660,12902015
"El sistema de compra web es exageradamente innecesario, dificultoso y nada amigable con el usuario. La atención recibida en la sucursal fue regular casi mala.",139386086,1857957809,12902015
Me hicieron ir hasta palermo y no tenían el producto. Me enteré allá q había pagado mas de lo publicado al momento. Pésima experiencia,,1836566472,12903013
"Me pidieron el nombre de quien lo iba a retirar, puse el de mi hermano ya que no podía ir yo. En el sistema de ellos no figuraba el y tuve que terminar yendo...",,1835502688,12903023
No me hicieron la factura A como corresponde !Fraudulento e ilegal,,1811158236,12903023
"Segunda vez que pasa lo mismo, se consulta por mensajería antes de ir si hay stock, no tenian cyan tuve que llevar2 negros y comprar en otro lado.",109089,1801721670,12903024
"Pésimo, perdida de tiempo. No me lo quisieron entregar en versalles aunque previamente eso se acordó. Y después se les traspapelo",,1776905779,12903024
Tiene publicado productos sin stock.,,1833957742,12903024
Lo iba a pasar a buscar y no tenían idea del producto. Se ofrecen a traerlo y demoran 26 días para hacer la entrega luego de perseguirlos cada semana.,,1836069419,12903024
"el producto demoro en ser entregado  Fui 2 veces a buscarlo después de recibir la notificiacion por ML y no estaba . Mala coordinacion de entrega ,",,1847965393,12903088
"Jamás se hizo cargo de su error, nunca dio la cara, y para colmo en vez de cambiarme el producto y enviármelo el me hizo ir nuevamente y me quiso dar lo mismo",,1847300133,12903088
"Totalmente malo el trato, fui 4 veces a buscar el pedido, una falta de respeto a los clientes! No es para nada recomendable!!",,1847594871,12903088
"No lo recomiendo,0 compromiso. Recibi un aviso para cuando poder retirar el producto y el dia que lo voy a retirar, sin explicacion alguna me cancelan la compra",,1845238743,12903088
Compré unas crocs y 15 días después aún no tenía el producto para retirar. Di intervención al equipo de mercadolibre para que me reintegre el dinero.,,1847466093,12903088
No encontraba mi producto. Me hizo esperar mas de lo debido y encima criticó el sistema de ventas online.,,1846032918,12903088
"Compre para un regalo chequeando la fecha, cuando fui a retirarlo no estaba y no dieron ninguna justificación, solicite que lo envíen y dieron de baja la venta.",,1847425688,12903088
Muy raro todo....ya estaba el producto p retirarlo del local....y de repente me devuelven el dinero xq no tenían stock!!! Ventas dudosas del Cyber!!,,1845588622,12903088
una vergüenza!,,1845199525,12903088
No lo recomiend0 mala atención y dispocicion.,,1833429826,12903088
No existís para los que te entregan el paquete.,175081360,1803389917,12903088
Fui tres veces a buscar el producto un *,,1845641512,12903088
Muy mala la atención en el local donde retiré las crocs. El producto muy bueno,,1845623217,12903088
"Me contestó todo, pero no tenía lo que me vendió.",,1847052349,12903088
"Mala predisposición cuando fui a retirar el producto. Si están atrasados con las entregas, avisen antes así el usuario no viaja de gusto. No lo recomiendo.",,1847773530,12903088
"Envían notificaciones que no son las correctas, me informaron que estaba el producto fui a la tienda y no era cierto. Poco serio",,1847457003,12903088
No lo recomiendo . después de una semana me dijeron que me devolvian el dinero. Ni disculpas.  Poco serios .se disculparon cuando les consulte pero sino cero .,,1845259208,12903088
"Hubo un error con el talle, como las compre en promocion, no me lo permitieron cambiar. Aún asi era algo que se podia resolver. Lamento la calificacion",175081360,1832332445,12903088
"no permiten cambio de talle, demora en la entrega sin respetar fecha pactada",,1846348306,12903088
Estaban demorados con la entrega y hoy recibo un mail q cancelaron la venta. Ni siquiera se comunicaron conmigo para explicarme qué pasó. no recomiend,,1850737217,12903088
Mala la atención del local.,,1847476192,12903088
Una hora para retirarlo... no encontraban la venta. Casi me voy sin él producto. Por suerte la buena predisposición de una empleada lo resolvio,320396604,1847368436,12904011
"Mercaderia trucha. No solo no giraban las paletas del ventilador, sino que nunca intentaron solucionar el problema. Un * como vendedores.",109089,1835337066,12904021
"No le compraría de nuevo a Fravega. Entrega del producto producto a tiempo y como lo describe PERO, después, cualquier consulta queda en la nada.",,1814431873,12904023
Manifesté en reiterados mensajes que estaba mal la factura que me querían entregar otra cosa y jamás modificaron el error no lo recomiendo muy irresponsables,,1817887600,12904023
nao houve a entrega do meu produto.,,1816663091,12904059
Não dá a devida atenção ao consúmidos.  Péssimo,,1824794058,12904059
Péssimo,,1820508036,12904059
"Simplesmente não responde ! Não entrega, não dá satisfação. Péssimo !",,1837386241,12904059
Experiencia desastrosa .. muy mala calidad la cuna que venden! primera vez que tenemos esta mala experiencia,,1797726026,12904065
No supieron solucionarlo y no cumplieron con el tiempo acordado. Mercado libre se lavó las manos. Iniciaré la denuncia a Def Consumidor.,,1796849143,12904080
"Me dijeron que ya estaba listo para ser retirado y cuando llegue no era así, me hicieron perder tiempo y dinero y nunca se hicieron cargo.",,1847633092,12904080
Fui a buscarlo cuando me enviaron el mail avisando que mi producto estaba listo y no estaban en el local. Tuve que retirar una semana después.,,1848495086,12904080
ATENCION PESIMA.NO SE LOS RECOMIENDO A NADIE...SON UN KIOSCO,,1847703366,12904080
Un *!,,1845411295,12904080
Dan información falsa antes de realizar la compra y a la hora de retirar el producto tienen mucha demora,,1846764755,12904080
Me parece de MALA VOLUNTAD Y MAL EMPRESARIO EL NO PODER CAMBIARNE SIMPLEMENTE EL TALLE... UNA VERGUENZA,,1846696399,12904080
"Compré 3 productos por Cybermonday solo uno llegó bien. Los otros dos, talles diferentes a los solicitados",,1847620330,12904080
Lo fui a retirar al local donde se supone q tenia q estar las zapatillas y no estaban. después de dar vueltas como media hora me mandaron a otra sucursal a busc,168175742,1813010899,12904089
Las zapatillas nos estaban en condiciones. Me hicieron firmar el recibo de entrega y querían que deje las zapatillas para luego pedir la devolución.,168175742,1796430725,12904089
"Te ofrecen algo que después dicen ellos que esta en malas condiciones y te hacen el favor de no vendertelo. Son un amor..No son serios , es mas son impresentas",,1850878538,12904105
Notificaron que el producto estaba para retirar y no era así. Me hicieron ir dos veces a buscarlo. Compré zapatillas negras y recibí unas azules,229908790,1820306617,12906002
Falta de atención al.cliente me entregó el.producto sin bolsaLa tuve que pedir así no funciona,,1833477259,12906022
El día 13 pague la compra y el 22 me avisan que no cuentan con el producto.Sin explicarle cómo devolverme el dinero o tener opción de elegir otro producto,,1805897139,12906027
Compré un talle y me dieron otro. Mala coordinación en el local,,1836429910,12906030
Pésima la atención! Das comprar y comienzan a decirte que sino hay talle no te resuelven nada y te dicen una fecha y esta en otra la ropa. SP,,1819146198,12906035
Pesimo todo,,1819139626,12906035
Pésima atención y el producto en sí,,1819143999,12906035
"Fui a retirarla a sucursal y no estaba, luego devolvieron el dinero y me dijeron que fue MERCADOLIBRE quien lo devolvió siendo que eso es FALSO.",,1837740060,12906039
Hace 12 días espero de los cuales por mis cálculos los días hábiles ya son 9 y tiene un máximo de 6 a 8 para el interior? Donde esta el compromiso ?,,1819918777,12906043
"No lo recomiendo, demoro 5 días en hacer el envio, la atención fue pésima, solo escusas, no respetan sus clientes",,1827787067,12907010
MUY MAL COORDINADA LA ENTREGA POCO SERIO NO LO RECOMIENDO.,216789841,1831720513,12907011
Terrible!  No recomiendo,,1830806733,12907014
Incumplen! Cero responsabilidad,,1830828974,12907014
Horrible,,1830834074,12907014
"Son irresponsables, ya que me hicieron ir al local de mi ciudad a levantar el pedido y nunca llego. Me trataron muy mal, nunca contestaron",,1797885252,12907015
Muy lento el envío y tienen mal el stock. No son ágiles. Me devuelven mi compra en 2 meses mercado libre. Pésimo,,1831155090,12907024
"Fui a colocar las cubiertas y me dijeron q no las tienen, que están en falta porque son viejas y ya no se hacen mas, que son 2012. Anularon la operaci",51101521,1846788661,12907025
"Horrible parece que te hacen un favor , caras largas, ni saludan, ni te miran, horrible lugar, parece trucho",73066581,1853541719,12908009
Trato desubicado e irrespetuoso.,73066581,1813619173,12908009
Empleados muy amargos . Expliquenles que somos clientes y no vacas. además obligan a firmar el remito antes de entregar !,73066581,1852650323,12908009
"No entregan lo que la publicación indica, perdida total de tiempo NO LO RECOMIENDO",73066581,1828771963,12908009
"Muy malo el servicio, fui a buscar el producto y no lo tenian en stock en el domicilio pactado. Tuve que irme hasta caballito para poder retirarlo.",73066581,1816410277,12908009
Excelente,109089,1809999354,12908010
"El producto y la atención EXCELENTE, pero me parece PESIMO que hayan cancelado mi compra y obligado a recomprar a un precio mayor. Yo ya habia pagado el 298.",109089,1803002281,12908010
"La atención es malísima, mi novio fue a retirarlo y la empleada lo trato mal, me llama el por cel desde la sucursal y yo escuchaba la poca pacien",109089,1844575712,12908010
el viejo que te entrega el producto me atendió mal y hasta irrespetuoso,109089,1808157785,12908010
Yo le pagué y me cancelo xq aumento,,1796543124,12908010
No salió nada bien pero finalmente recibí la plancha después de semanas,109089,1805041535,12908010
Tuve q ir dos veces..No me gustó la atención excepto el señor q me entrego el producto,109089,1833827855,12908010
"El producto y la atención EXCELENTE, pero me parece PESIMO que hayan cancelado mi compra y obligado a recomprar a un precio mayor. Yo ya habia pagado el 298.",109089,1803003910,12908010
un desastre,,1800269208,12908014
un desastre,,1800271719,12908014
Por culpa de su cadete tuve que viajar dos veces al lugar para poder retirar,,1814627902,12908019
SeDirigió a ml de muy mala manera porque yo no había entendido lo que me estaba explicando.,,1834676004,12908020
vengo a retirar una compra que hice por mercado libre... la chica q me atendio me miro como de que planeta venia...,299055600,1801547201,12914147
"Muy MALA. Demoraron mi producto del  179 al 310, alfinal me cancelaron la compra. Y nadie me asesoro con la devolución del dinero. Tuve q reclamar por ML",223860724,1810766870,12914149
Me mintieron sobre el stock ya que el libro estaba en Mar del Plata y sobre la fecha en la que me lo iban a entregar.,223860724,1804325580,12914149
No lo recomiendo. No estaba el producto en el lugar ni en el día pautado. Cancelaron la compra aunque pedimos que no. Muy mal trato.,223860724,1824204661,12915149
El producto lo retire ayer y hoy cundo lo fui a utilizar tenía uno de los dos presuntos roto,7386518,1842351800,12915164
No lo recomiendo al vendedor ya que en simultáneo en el local ofrecian un oferta mucho mejor a la publicada online. Me siento estafada,,1848504610,12916006
"Despectivo, atendiendo al cliente mientras hablaba con un compañero de trabajo.",222758551,1822994890,12920001
No me gusto la atención de la farmacia una extranjera con rulitos muy mal predispuesta,191047873,1849476278,12920024
Mala experiencia,,1834749371,12920025
Comentario moderado por MercadoLibre,,1832192472,12921017
Me avisaron que ya estaba el producto para retirar en la sucursal que elegí. Cuando fui no estaba y nadie sabía cuando podía pasar a retirarlo. No me dieron rta,,1848461267,12922001
"Muy mala la atención de Makro San Justo, estuve media mas de media hora esperando que encuentren el usuario, con el dni y todos Las datos que podía brindarles",,1844690825,12922021
Estuve hasta el último día para poder recibir el producto porque resulta que FRAVEGA AVELLANEDA se caga en las codiciones de mercadolibre,,1846387810,12923073
Son unos caraduras! Me vendieron algo que no tenían en stock y encima me dicen que el dinero de mi compra será acreditado en 15 días! Son unos delincuentes!!!,284428514,1845494521,12923078
"Fui a buscar el producto y no estaba disponible, cuando reclame me dijo que siempre había estado disponible. No pude comprar el producto",284428514,1831333824,12923078
Desprolijo y no me contesto mas al hacerle un reclamo.,78541029,1860491855,12924074
"No lo recomiendo. Me dijeron varías veces el horario, fui 15 minutos antes q cierren y no me quisieron atender, en horario que figuraba abierto.",284428514,1845947526,12924080
Muy mala onda los empleados,284428514,1845617167,12925010
El empleado que nos atendió no encontraba el pedido y no permitía el retiro a la persona autorizada a retirarlo.,284428514,1845464985,12925017
Tuve que ir dos veces por el no coincidían el nombre de la cuenta con el nombre del documento que fue a retirar primera ves que me pasa eso nunca tuve problemas,284428514,1827915287,12925017
Uds. podrán observar mi historial de compras por M.L. Siento la responsabilidad de comunicarles lo ocurrido. El parlante funciona bien.,,1813073077,12926024
"Tardaron mucho en enviar la TV, la envian sin coordinar ni previo aviso varios dias después, un *!!!",,1846457124,12926024
de un dia para el otro el producto subio un 500 % por el tema del ciber monday una *,,1843962478,12926025
de un dia para el otro el producto subio un 500 % por el tema del ciber monday una * me queren devolver el dinero no yo quiero el producto,,1843964551,12926025
UN DESASTRE. Compré un freezer y lo devolví 10 minutos después. Para cobrar tardaron segundos. Para devolver la compra van 12 días y todavía no hay noticias,,1837203004,12926025
"Pésima, un vendedor de Falabella Moron, no le quería entregar el producto a la persona autorizada, tuve que comunicarme con el gerente de la sucursal.",,1824067640,12926028
"Me entregaron un lavarropas que no funciona,el servicie vino después de un mes,el lavarropas lo tengo en mi poder y nadie me da una solución,una falta de respet",,1820217649,12926028
"No solucionaron el tema de la cancelación no respondieron  todos los mensajes que se enviaron ,irresponsables , nulo criterio comercial , no respetan al cliente",,1816918213,12926048
"Si bien la compra fue buena, la sucursal no esta al tanto de las politicas de retiro, tuve que ir varias veces e incluso hacer un reclamo por mercadolibre",,1823580055,12926048
Compre la remera como regalo a un amigo. El la paso a retirar y luego me dijo que estaba desteñida! Si es con fallas tienen que avisar.,196639517,1829110288,12926119
Un desastre,,1857374660,12926120
No hubo intención de solución Publicación engañosa,,1830390396,12927003
El producto no funciona,,1833312265,12927019
La facturación de la compra se debe realizar sin tantos inconvenientes.- Querían que yo les mande por carta constancia de CUIT y una declaración jurada firmada.,,1848814606,12927022
"Me atendio mal en el local de venta, me prometio el portaequipaje y en el momento no lo tenia! Me entrego otro modelo de Ford Fiesta.",,1849229318,12928115
"UN DESASTRE!!! Publican cosas, voy a retirar y no tienen stock Hipermercado, Nunca se comunicaron a pesar de mis mensajes. Un *",,1844466825,12930025
No lo recomiendo porque luego de un mes de espera no tengo el producto que ya pague y que ahora tengo que procurar me reintegre el dinero.,,1826688353,12930025
"Muy mala experiencia. Lo busqué el sábado, me mojé con la lluvia y al llegar me dijeron que no lo tenían. Y el estado de la compra decía listo para retirar.",303870475,1848140549,12930025
Hice una compra me avisaron q la vaya a buscar  tenía más de 1 hora y media de viaje y cuando llegue me dijeron q el producto no estaba disponible,,1849213359,12930025
"Pésima atención y trato. No cumplieron con la compra la dieron de baja sin previo aviso, no los recomiendo",,1847893410,12930026
"Pésima atención, pésimo trato, suspendieron la compra sin previo aviso. No lo recomiendo",,1847897798,12930026
"No lo recomiendo en absoluto, me suspendieron la compra sin previo aviso. Pésima atención, pésimo trato.",,1847898564,12930026
Tardaron casi 15 días en entregármelo. Me hicieron ir 3 veces a retirarlo y no estaba en stock.,,1848514801,12930027
Tardaron 15 días  o - en la entrega. Cuando supuestamente al momento de ofertar tenían en stock. Me hicieron ir 3 veces a buscarlo y no había llegado,,1848518111,12930027
"Consulte, oferte y tardaron casi 15 días en entregármelo. Me hicieron ir 3 veces a retirarlo y no estaba",,1848515502,12930027
Para empezar ni saluda la chica del mostrador trata mal a la gente ni t presta atención a lo q le decís no debería trabajar en atención al cliente,,1845825463,12930029
Estuve esperando alrededor de media hora para retirar el pedido. Habían solo dos personas en el local para atender a aprox diez. Solo era entregarme el producto,,1847059888,12930029
"me dijeron que me la entreganban un dia y resulta que me la entregaban una semana después,.",,1847486571,12930030
"que puedo decir,,después de 15 dias de dar mil vueltas me dice que no me lo envia tiene que explicar antes de ofertar que no hace envios .",131348280,1847428887,12930035
"De los 6 productos que compre, mandaron otra cosa de 3 productos, y tuve que ir 3 veces al punto de retiro. Es la ultima vez que les compro algo. Nunca mas",,1846878841,12930036
"De los 6 productos que compre, mandaron otra cosa de 3 productos, y tuve que ir 3 veces al punto de retiro. Es la ultima vez que les compro algo. Nunca mas",,1846525354,12930036
"De los 6 productos que compre, mandaron otra cosa de 3 productos, y tuve que ir 3 veces al punto de retiro. Es la ultima vez que les compro algo. Nunca mas",,1846523001,12930036
"De los 6 productos que compre, mandaron otra cosa de 3 productos, y tuve que ir 3 veces al punto de retiro. Es la ultima vez que les compro algo. Nunca mas",,1847517851,12930036
"De los 6 productos que compre, mandaron otra cosa de 3 productos, y tuve que ir 3 veces al punto de retiro. Es la ultima vez que les compro algo. Nunca mas",,1846524911,12930036
"De los 6 productos que compre, mandaron otra cosa de 3 productos, y tuve que ir 3 veces al punto de retiro. Es la ultima vez que les compro algo. Nunca mas",,1846521361,12930036
"No los recomiendo, le expliqué q tuve q tirar el producto por q la paleta de sombra era una ensalada de lo desarmada q estaba después de abrir el producto.",,1844401246,12930038
Me acerque a buscar lo productos y Jamas avisaron que no tenian stock d. Tuve que llamar mas de 5 veces  y demoraron mas de 20 dias en tener stock. Malísimo,,1846859365,12930038
Me acerque a buscar lo productos y Jamas avisaron que no tenian stock d. Tuve que llamar mas de 5 veces  y demoraron mas de 20 dias en tener stock. Malísimo,,1846862256,12930038
Me acerque a buscar lo productos y Jamas avisaron que no tenian stock d. Tuve que llamar mas de 5 veces  y demoraron mas de 20 dias en tener stock. Malísimo,,1846857225,12930038
Me acerque a buscar lo productos y Jamas avisaron que no tenian stock d. Tuve que llamar mas de 5 veces  y demoraron mas de 20 dias en tener stock. Malísimo,,1846863134,12930038
Me acerque a buscar lo productos y Jamas avisaron que no tenian stock d. Tuve que llamar mas de 5 veces  y demoraron mas de 20 dias en tener stock. Malísimo,,1846860591,12930038
Tardaron más o menos 15 días en la entrega. Me hicieron ir 3 veces a la sucursal a buscarlo y no estaba.,,1848512721,12931029
El labial es mucho mas oscuro de lo que aparece en la foto!!!!!!!,,1845746234,12931029
Un verdadero *! Nunca más! Una atención pésima y mala organización al entregar los productos,,1845080929,12931030
"No responde lo q preguntas, monosilábico, pésima atención.",,1844457291,12931030
Tuve que ir 3 veces a retirar porque me enviaban otro producto. Leian los mensajes y no respondian. Lo resolvieron cuando dije que iba a iniciar el reclamo.,,1830451157,12931030
Muy malo el sistema para coordinar la entrega,,1848408236,12931030
"Pesimo, nunca vivi algo igual desde que uso ml. Entrega fuera de termino, sin factura. Llamar para reclamar es imposible, no atienden el telefono.",,1847050163,12931030
No me lo querían entregar. X desorganizados.  Te confirman día y hora y después te dicen que la persona no está registrada. Todo fue una discusión,,1847250921,12931031
"No recomiendo comprar en esta perfumería, el area de logística para la entrega de productos un *. Me pasaron la fecha dos veces y cuando fui no estaba.",,1848540626,12931031
"La atención es mala, tardan un montón en contestar las llamadas y tienen muy mala predisposición.",,1846430455,12931032
El producto no estaba para la fecha que me indicaron. Espere una hora porque no lo encontraban y tuve que volver otro dia a buscarlo.,,1845749445,12931032
No lo recomiendo . No envían la garantía correspondiente,,1830505119,12931032
"Vendieron el producto que compré. La mejor solución, decidida por ellos unilateralmente, fue devolverme el dinero. Me hicieron perder tiempo y no tengo mi prod",131348280,1845506621,12931032
No lo recomiendo se confundió en uno de los productos y nunca respondió.,,1849156302,12931034
Cuando llegue al local la chica me atendió me re mal y no querían entregarme el labial por que no les llego nunca la notificación de la compra.,,1845954094,12931034
Mala la atencion de donde lo retire! Desastre..,,1846525114,12931034
La vendedora nieves montoya me atendió,,1848791110,12931034
"No lo recomiendo, nunca siguió el hilo de las consultas, respondía lo que quería. Fui en 2 oportunidades a retirar el producto y estaba cerrado.",,1835238193,12932005
"No lo recomiendo, nunca siguió el hilo de las consultas, respondía lo que quería. Fui en 2 oportunidades a retirar el producto y estaba cerrado.",,1835237852,12932005
El vendedor un *. Poca predisposición con los clientes que había en el lugar.,177881788,1871444816,12932306
"Fui a buscar el producto y no me lo entregaron. Argumentaron que no estaba a mi nombre, aun cuando tenia la factura emitida por ellos.",,1847465907,12933043
"mala atención en la entrega, errores administrativos y demoras, mas de una hora hasta que solucionaron su error,",,1846819655,12933043
Malísima atención.,,1834817480,12934009
no querían cambiar el producto que vino defectuoso,,1846938701,12934018
Cuando fui a instalar las cubiertas no estaban en destino y tuve que reclamar para que las instalen con demora.,335450903,1846850227,12935018
"MEGATONE PESIMA ATENCION, MAL SISTEMA DE ENTREGA,  PERDI TIEMPO Y DINERO, VAYAN A DEFENSA DEL CONSUMIDOR.",,1844924037,12938030
"No contesto , las preguntas que le hice.No encontré el lugar y no me dio opciones.",,1844891521,12938030
La publicida era de un 170m. Y medieron 167.5m. Decian que mercadolibre. No los dejo aclara. Para mi solo.. vendia. Sin importa la diferencia..mal,218165061,1846712037,12939021
Tenía que retirar el producto en la sucursal de Belgrano. Fui y me dijeron que la tenían en Floresta. Perdí medio día de trabajo por su error.,218165061,1850829405,12939024
Comentario moderado por MercadoLibre,,1847402779,12940073
Comentario moderado por MercadoLibre,,1847475191,12940073
no tiene sotck,,1857351439,12940099
no se por que anuncian artículos sin stock,,1857365849,12940099
"Fila interminable no tenian el producto, me hicieron ir al pick up center allí no iba a esperar 1 hora más  de fila. No recomiendo.",81670356,1855086040,12940099
"El vendedor es LOI, no tenían en stock el producto que había comprado, pero no solo lo mío sino todo el mundo que iba a retirar.",81670356,1859207662,12940099
No me senti respetado,81670356,1858936760,12940099
"chantas,compré con anticipo,les pedí factura con rut con tiempo,cuando la van a retirar el fenómeno de mostrador dice q está agotada y q se escapa de sus manos",,1858722342,12940099
Compro y el producto q comore lo revenden luego me dicen q compre otro y hacen lo mismo perdida de tiempo y dinero,,1856889633,12940099
Muy pésima atención en el local,81670356,1859539273,12940099
Me trataron muy mal me hicieron perder tiempo pague el producto por adelantado y siguieron vendiendo sin apartar mi product todavía no me devolvieron el dinero,81670356,1854823717,12940099
"Mala experiencia de compra, no volveré a comprar.",81670356,1858529159,12941105
No tenían el producto que compré.,81670356,1858084473,12941105
MUY LENTO TODO,81670356,1856532567,12941106